{
    "_ColorR": 1.0,
    "_ColorG": 0.63008713722229,
    "_ColorB": 0.0817609429359436,
    "_RampLevels": 2.0,
    "_LightScalar": 0.8999999761581421,
    "_HighColorR": 1.0,
    "_HighColorG": 1.0,
    "_HighColorB": 1.0,
    "_HighIntensity": 0.0,
    "_LowColorR": 0.3529999852180481,
    "_LowColorG": 0.3529999852180481,
    "_LowColorB": 0.3529999852180481,
    "_LowIntensity": 3.0999999046325685,
    "_OutlineColorR": 1.0,
    "_OutlineColorG": 1.0,
    "_OutlineColorB": 1.0,
    "_OutlineSize": 4.239999771118164,
    "_RimColorR": 1.0,
    "_RimColorG": 1.0,
    "_RimColorB": 1.0,
    "_RimAlpha": 0.0,
    "_RimPower": 0.0,
    "_RimDropOff": 0.0,
    "_FresnelColorR": 1.0,
    "_FresnelColorG": 1.0,
    "_FresnelColorB": 1.0,
    "_FresnelBrightness": 0.0,
    "_FresnelPower": 0.0,
    "_FresnelShadowDropoff": 0.0,
    "_GradYCap": 0.0,
    "_GradIntensity": 0.0
}