{
    "_ColorR": 0.9150943160057068,
    "_ColorG": 0.5474923253059387,
    "_ColorB": 0.0,
    "_RampLevels": 2.0,
    "_LightScalar": 0.8999999761581421,
    "_HighColorR": 0.3529411852359772,
    "_HighColorG": 0.3529411852359772,
    "_HighColorB": 0.3529411852359772,
    "_HighIntensity": 3.0,
    "_LowColorR": 1.0,
    "_LowColorG": 1.0,
    "_LowColorB": 1.0,
    "_LowIntensity": 0.6299999952316284,
    "_OutlineColorR": 1.0,
    "_OutlineColorG": 1.0,
    "_OutlineColorB": 1.0,
    "_OutlineSize": 4.239999771118164,
    "_RimColorR": 1.0,
    "_RimColorG": 1.0,
    "_RimColorB": 1.0,
    "_RimAlpha": 0.0,
    "_RimPower": 0.0,
    "_RimDropOff": 0.0,
    "_FresnelColorR": 1.0,
    "_FresnelColorG": 1.0,
    "_FresnelColorB": 1.0,
    "_FresnelBrightness": 0.0,
    "_FresnelPower": 0.0,
    "_FresnelShadowDropoff": 0.0,
    "_GradYCap": 0.0,
    "_GradIntensity": 0.0
}